event_id,ticker,event_time,inferred_session_from_acceptance,price_anchor_date,shares_outstanding_filed_at,shares_outstanding_asof_date,feature_leakage_flags
BEAM_424B4_2020-02-07_0001193125-20-026941,BEAM,2020-02-06T22:46:23,after_close,2020-02-06,,,ok
ARCT_8-K_2020-04-21_0001564590-20-017549,ARCT,2020-04-21T10:03:05,intraday,2020-04-21,2020-03-16,2020-03-01,discount_anchor_same_day_intraday_close_after_event_risk
FATE_424B5_2020-06-08_0001193125-20-163472,FATE,2020-06-08T20:11:29,after_close,2020-06-08,2020-05-11,2020-05-07,ok
FATE_424B5_2020-06-10_0001193125-20-164911,FATE,2020-06-10T01:18:05,before_open,2020-06-10,2020-05-11,2020-05-07,ok
FATE_8-K_2020-06-10_0001193125-20-164916,FATE,2020-06-10T01:21:17,before_open,2020-06-10,2020-05-11,2020-05-07,ok
FCEL_424B5_2020-06-16_0001104659-20-073835,FCEL,2020-06-16T21:21:18,after_close,2020-06-16,2020-06-12,2020-06-05,ok
ARCT_8-K_2020-07-29_0001193805-20-000902,ARCT,2020-07-29T10:02:20,intraday,2020-07-29,2020-05-08,2020-05-06,discount_anchor_same_day_intraday_close_after_event_risk
FCEL_424B5_2020-12-03_0001104659-20-132026,FCEL,2020-12-03T21:39:54,after_close,2020-12-03,2020-09-10,2020-09-03,price_evidence_mentions_exercise_price
ARCT_8-K_2020-12-08_0001193805-20-001508,ARCT,2020-12-08T14:01:14,intraday,2020-12-08,2020-11-09,2020-11-02,discount_anchor_same_day_intraday_close_after_event_risk
FATE_424B5_2021-01-07_0001193125-21-004330,FATE,2021-01-07T22:25:25,after_close,2021-01-07,2020-11-05,2020-11-03,ok
FATE_8-K_2021-01-08_0001193125-21-005180,FATE,2021-01-08T21:02:00,after_close,2021-01-08,2020-11-05,2020-11-03,price_evidence_mentions_exercise_price
BLNK_424B5_2021-01-08_0001493152-21-000610,BLNK,2021-01-08T21:41:11,after_close,2021-01-08,2020-11-13,2020-11-11,ok
MVST_8-K_2021-02-05_0001213900-21-007125,MVST,2021-02-05T21:54:18,after_close,2021-02-05,2020-11-09,2020-11-09,ok
BEAM_424B7_2021-04-01_0001193125-21-103221,BEAM,2021-04-01T11:24:16,intraday,2021-04-01,2021-03-15,2021-03-08,discount_anchor_same_day_intraday_close_after_event_risk
BEAM_424B7_2021-04-01_0001193125-21-103240,BEAM,2021-04-01T11:36:21,intraday,2021-04-01,2021-03-15,2021-03-08,discount_anchor_same_day_intraday_close_after_event_risk;price_evidence_par_value_risk
FCEL_424B5_2021-06-11_0001104659-21-080219,FCEL,2021-06-11T20:53:09,after_close,2021-06-11,2021-06-10,2021-06-04,price_evidence_par_value_risk
CHPT_424B3_2021-10-08_0001193125-21-295519,CHPT,2021-10-08T20:31:26,after_close,2021-10-08,2021-09-10,2021-08-31,ok
CHPT_424B3_2021-11-02_0001193125-21-316321,CHPT,2021-11-02T12:52:55,intraday,2021-11-02,2021-09-10,2021-08-31,discount_anchor_same_day_intraday_close_after_event_risk
CHPT_424B3_2021-12-02_0001193125-21-346749,CHPT,2021-12-02T21:40:16,after_close,2021-12-02,2021-09-10,2021-08-31,ok
CHPT_424B3_2021-12-02_0001193125-21-346752,CHPT,2021-12-02T21:42:15,after_close,2021-12-02,2021-09-10,2021-08-31,price_evidence_par_value_risk
CHPT_424B3_2021-12-10_0001193125-21-353251,CHPT,2021-12-10T11:10:44,intraday,2021-12-10,2021-09-10,2021-08-31,discount_anchor_same_day_intraday_close_after_event_risk
CHPT_424B3_2021-12-15_0001628280-21-025085,CHPT,2021-12-15T11:19:54,intraday,2021-12-15,2021-12-15,2021-11-30,discount_anchor_same_day_intraday_close_after_event_risk
CHPT_424B3_2021-12-15_0001628280-21-025086,CHPT,2021-12-15T11:22:00,intraday,2021-12-15,2021-12-15,2021-11-30,discount_anchor_same_day_intraday_close_after_event_risk
TWST_8-K_2022-02-15_0001104659-22-023542,TWST,2022-02-15T14:05:38,intraday,2022-02-15,2022-02-09,2022-02-07,discount_anchor_same_day_intraday_close_after_event_risk
LCID_424B3_2022-06-15_0001104659-22-071263,LCID,2022-06-15T13:07:19,intraday,2022-06-15,2022-05-05,2022-04-29,discount_anchor_same_day_intraday_close_after_event_risk
FCEL_424B5_2022-07-12_0001104659-22-079245,FCEL,2022-07-12T21:16:48,after_close,2022-07-12,2022-06-09,2022-06-07,ok
LCID_424B3_2022-08-04_0001104659-22-085809,LCID,2022-08-04T10:01:58,intraday,2022-08-04,2022-08-03,2022-07-28,discount_anchor_same_day_intraday_close_after_event_risk
LCID_S-3_2022-08-29_0001104659-22-095689,LCID,2022-08-29T21:11:43,after_close,2022-08-29,2022-08-03,2022-07-28,ok
BLNK_424B5_2022-09-02_0001493152-22-024994,BLNK,2022-09-02T20:50:42,after_close,2022-09-02,2022-08-09,2022-08-05,ok
LCID_424B5_2022-11-08_0001104659-22-115974,LCID,2022-11-08T21:38:59,after_close,2022-11-08,2022-11-08,2022-11-02,ok
PACB_8-K_2023-01-24_0001104659-23-006228,PACB,2023-01-24T21:43:48,after_close,2023-01-24,2022-11-08,2022-10-31,ok
ENVX_424B3_2023-01-25_0001828318-23-000029,ENVX,2023-01-25T21:23:04,after_close,2023-01-25,2022-11-04,2022-10-31,price_evidence_par_value_risk
PACB_8-K_2023-01-27_0001104659-23-007513,PACB,2023-01-27T21:05:29,after_close,2023-01-27,2022-11-08,2022-10-31,ok
BLNK_424B5_2023-02-06_0001493152-23-003705,BLNK,2023-02-06T21:26:59,after_close,2023-02-06,2022-11-09,2022-11-07,ok
BLNK_8-K_2023-02-06_0001493152-23-003711,BLNK,2023-02-06T21:35:41,after_close,2023-02-06,2022-11-09,2022-11-07,ok
BLNK_8-K_2023-02-07_0001493152-23-003879,BLNK,2023-02-07T22:25:29,after_close,2023-02-07,2022-11-09,2022-11-07,ok
BLNK_424B5_2023-02-08_0001493152-23-003962,BLNK,2023-02-08T21:59:07,after_close,2023-02-08,2022-11-09,2022-11-07,ok
JOBY_8-K_2023-05-05_0001819848-23-000167,JOBY,2023-05-05T20:14:40,after_close,2023-05-05,2023-05-05,2023-05-03,ok
LCID_S-3_2023-05-08_0001104659-23-057187,LCID,2023-05-08T20:36:33,after_close,2023-05-08,2023-05-08,2023-05-02,ok
CABA_8-K_2023-05-18_0001193125-23-148212,CABA,2023-05-18T20:33:06,after_close,2023-05-18,2023-05-11,2023-05-05,price_evidence_par_value_risk
LCID_424B5_2023-06-01_0001104659-23-066722,LCID,2023-05-31T22:46:57,after_close,2023-05-31,2023-05-08,2023-05-02,price_evidence_par_value_risk
LCID_424B2_2023-06-02_0001104659-23-067653,LCID,2023-06-02T21:21:24,after_close,2023-06-02,2023-05-08,2023-05-02,price_evidence_par_value_risk
EDIT_8-K_2023-06-15_0001558370-23-011141,EDIT,2023-06-15T20:30:28,after_close,2023-06-15,2023-05-05,2023-04-28,ok
JOBY_8-K_2023-06-29_0001819848-23-000255,JOBY,2023-06-29T01:35:15,before_open,2023-06-29,2023-05-05,2023-05-03,price_evidence_par_value_risk
QS_8-K_2023-08-08_0000950170-23-039810,QS,2023-08-08T20:10:53,after_close,2023-08-08,2022-02-28,2022-02-18,price_evidence_par_value_risk
BEAM_8-K_2023-10-31_0000950170-23-056542,BEAM,2023-10-31T10:44:50,intraday,2023-10-31,2023-08-08,2023-08-01,discount_anchor_same_day_intraday_close_after_event_risk;price_evidence_par_value_risk
SANA_8-K_2024-02-08_0001193125-24-028506,SANA,2024-02-08T22:20:36,after_close,2024-02-08,2023-11-08,2023-10-31,price_evidence_par_value_risk
CRSP_424B5_2024-02-13_0001193125-24-032975,CRSP,2024-02-13T13:44:31,intraday,2024-02-13,2023-11-06,2023-11-02,discount_anchor_same_day_intraday_close_after_event_risk
FATE_424B5_2024-03-20_0001193125-24-072868,FATE,2024-03-20T21:30:43,after_close,2024-03-20,2024-02-26,2024-02-20,price_evidence_mentions_exercise_price
FCEL_424B5_2024-04-10_0001104659-24-045891,FCEL,2024-04-10T21:15:36,after_close,2024-04-10,2024-03-07,2024-03-01,ok
FATE_424B3_2024-05-02_0001193125-24-129342,FATE,2024-05-02T20:02:11,after_close,2024-05-02,2024-02-26,2024-02-20,ok
RXRX_8-K_2024-06-27_0001601830-24-000091,RXRX,2024-06-27T12:16:04,intraday,2024-06-27,2021-05-12,2021-04-30,discount_anchor_same_day_intraday_close_after_event_risk
JOBY_8-K_2024-10-02_0001819848-24-000397,JOBY,2024-10-02T12:51:19,intraday,2024-10-02,2024-08-08,2024-08-05,discount_anchor_same_day_intraday_close_after_event_risk;price_evidence_par_value_risk
LCID_424B5_2024-10-18_0001104659-24-109670,LCID,2024-10-18T10:05:51,intraday,2024-10-18,2024-08-05,2024-07-30,discount_anchor_same_day_intraday_close_after_event_risk;price_evidence_par_value_risk
JOBY_8-K_2024-10-28_0001819848-24-000466,JOBY,2024-10-28T20:37:16,after_close,2024-10-28,2024-08-08,2024-08-05,price_evidence_par_value_risk
ENVX_8-K_2024-11-01_0001193125-24-249316,ENVX,2024-11-01T13:16:59,intraday,2024-11-01,2024-10-30,2024-10-28,discount_anchor_same_day_intraday_close_after_event_risk;price_evidence_par_value_risk
LUNR_8-K_2024-12-03_0001193125-24-270035,LUNR,2024-12-03T22:19:32,after_close,2024-12-03,2023-03-31,2023-03-29,ok
LUNR_8-K_2024-12-05_0001193125-24-271557,LUNR,2024-12-05T21:24:59,after_close,2024-12-05,2023-03-31,2023-03-29,ok
ACHR_8-K_2025-02-11_0001104659-25-011476,ACHR,2025-02-11T21:07:39,after_close,2025-02-11,,,ok
FCEL_424B5_2025-03-10_0001104659-25-022217,FCEL,2025-03-10T21:18:02,after_close,2025-03-10,2024-12-27,2024-12-23,ok
JOBY_8-K_2025-05-27_0001819848-25-000352,JOBY,2025-05-27T20:14:05,after_close,2025-05-27,2025-05-08,2025-05-05,price_evidence_par_value_risk
CABA_8-K_2025-06-12_0001193125-25-139517,CABA,2025-06-12T10:05:29,intraday,2025-06-12,2025-05-15,2025-05-09,discount_anchor_same_day_intraday_close_after_event_risk
ACHR_8-K_2025-06-13_0001104659-25-059100,ACHR,2025-06-13T10:03:26,intraday,2025-06-13,2025-05-12,2025-05-06,discount_anchor_same_day_intraday_close_after_event_risk
SOFI_8-K_2025-07-30_0001818874-25-000160,SOFI,2025-07-30T10:01:38,intraday,2025-07-30,2025-05-06,2025-04-30,discount_anchor_same_day_intraday_close_after_event_risk
SANA_8-K_2025-08-07_0001193125-25-175571,SANA,2025-08-07T21:11:01,after_close,2025-08-07,2025-05-08,2025-04-30,price_evidence_par_value_risk
JOBY_424B7_2025-08-29_0001628280-25-041408,JOBY,2025-08-29T20:38:58,after_close,2025-08-29,2025-08-07,2025-08-04,ok
JOBY_8-K_2025-10-08_0001628280-25-044595,JOBY,2025-10-08T20:03:55,after_close,2025-10-08,2025-08-07,2025-08-04,price_evidence_par_value_risk
IONQ_424B5_2025-10-10_0001193125-25-236448,IONQ,2025-10-10T12:35:09,intraday,2025-10-10,2025-08-06,2025-07-30,discount_anchor_same_day_intraday_close_after_event_risk
IONQ_424B5_2025-10-10_0001193125-25-236452,IONQ,2025-10-10T12:42:30,intraday,2025-10-10,2025-08-06,2025-07-30,discount_anchor_same_day_intraday_close_after_event_risk
ACHR_8-K_2025-11-06_0001824502-25-000007,ACHR,2025-11-06T21:43:43,after_close,2025-11-06,2025-11-06,2025-10-31,ok
BLNK_S-1_2025-12-04_0001493152-25-026199,BLNK,2025-12-04T21:50:44,after_close,2025-12-04,2025-11-07,2025-11-03,ok
SOFI_8-K_2025-12-05_0001818874-25-000225,SOFI,2025-12-05T02:38:13,before_open,2025-12-05,2025-11-06,2025-10-31,ok
SOFI_8-K_2025-12-08_0001818874-25-000232,SOFI,2025-12-08T21:02:43,after_close,2025-12-08,2025-11-06,2025-10-31,price_evidence_par_value_risk
ACHR_424B7_2025-12-10_0001104659-25-120011,ACHR,2025-12-10T22:01:00,after_close,2025-12-10,2025-11-06,2025-10-31,price_evidence_par_value_risk
BLNK_424B4_2025-12-11_0001493152-25-027305,BLNK,2025-12-11T22:28:23,after_close,2025-12-11,2025-11-07,2025-11-03,ok
BLNK_8-K_2025-12-12_0001493152-25-027377,BLNK,2025-12-12T14:00:20,intraday,2025-12-12,2025-11-07,2025-11-03,discount_anchor_same_day_intraday_close_after_event_risk
LCID_424B7_2026-02-24_0001104659-26-019140,LCID,2026-02-24T21:20:22,after_close,2026-02-24,2026-02-24,2026-02-18,ok
LUNR_8-K_2026-02-25_0001193125-26-068729,LUNR,2026-02-25T13:49:24,intraday,2026-02-25,2023-03-31,2023-03-29,discount_anchor_same_day_intraday_close_after_event_risk;price_evidence_par_value_risk
NTLA_8-K_2026-04-30_0001193125-26-197489,NTLA,2026-04-30T20:30:29,after_close,2026-04-30,2026-02-26,2026-02-13,price_evidence_par_value_risk
CABA_8-K_2026-05-04_0001193125-26-202446,CABA,2026-05-04T10:40:17,intraday,2026-05-04,2026-03-23,2026-03-19,discount_anchor_same_day_intraday_close_after_event_risk;price_evidence_par_value_risk
